,Pos.,No.,Driver,Constructor,Qualifying times,Qualifying times,Qualifying times,Final grid,ronda,nombre_carrera
,Pos.,No.,Driver,Constructor,Q1,Q2,Q3,Final grid,,
0,1,44,Lewis Hamilton,Mercedes,1:22.043,1:21.014,1:20.486,1,1,Australian Grand Prix
1,2,77,Valtteri Bottas,Mercedes,1:22.367,1:21.193,1:20.598,2,1,Australian Grand Prix
2,3,5,Sebastian Vettel,Ferrari,1:22.885,1:21.912,1:21.190,3,1,Australian Grand Prix
3,4,33,Max Verstappen,Red Bull Racing-Honda,1:22.876,1:21.678,1:21.320,4,1,Australian Grand Prix
4,5,16,Charles Leclerc,Ferrari,1:22.017,1:21.739,1:21.442,5,1,Australian Grand Prix
5,6,8,Romain Grosjean,Haas-Ferrari,1:22.959,1:21.870,1:21.826,6,1,Australian Grand Prix
6,7,20,Kevin Magnussen,Haas-Ferrari,1:22.519,1:22.221,1:22.099,7,1,Australian Grand Prix
7,8,4,Lando Norris,McLaren-Renault,1:22.702,1:22.423,1:22.304,8,1,Australian Grand Prix
8,9,7,Kimi Räikkönen,Alfa Romeo Racing-Ferrari,1:22.966,1:22.349,1:22.314,9,1,Australian Grand Prix
9,10,11,Sergio Pérez,Racing Point-BWT Mercedes,1:22.908,1:22.532,1:22.781,10,1,Australian Grand Prix
10,11,27,Nico Hülkenberg,Renault,1:22.540,1:22.562,,11,1,Australian Grand Prix
11,12,3,Daniel Ricciardo,Renault,1:22.921,1:22.570,,12,1,Australian Grand Prix
12,13,23,Alexander Albon,Scuderia Toro Rosso-Honda,1:22.757,1:22.636,,13,1,Australian Grand Prix
13,14,99,Antonio Giovinazzi,Alfa Romeo Racing-Ferrari,1:22.431,1:22.714,,14,1,Australian Grand Prix
14,15,26,Daniil Kvyat,Scuderia Toro Rosso-Honda,1:22.511,1:22.774,,15,1,Australian Grand Prix
15,16,18,Lance Stroll,Racing Point-BWT Mercedes,1:23.017,,,16,1,Australian Grand Prix
16,17,10,Pierre Gasly,Red Bull Racing-Honda,1:23.020,,,17,1,Australian Grand Prix
17,18,55,Carlos Sainz Jr.,McLaren-Renault,1:23.084,,,18,1,Australian Grand Prix
18,19,63,George Russell,Williams-Mercedes,1:24.360,,,19,1,Australian Grand Prix
19,20,88,Robert Kubica,Williams-Mercedes,1:26.067,,,20,1,Australian Grand Prix
20,107% time: 1:27.758,107% time: 1:27.758,107% time: 1:27.758,107% time: 1:27.758,107% time: 1:27.758,107% time: 1:27.758,107% time: 1:27.758,107% time: 1:27.758,1,Australian Grand Prix
21,Source:[34],Source:[34],Source:[34],Source:[34],Source:[34],Source:[34],Source:[34],Source:[34],1,Australian Grand Prix
